person_id,source,source_row_id
P0001,source1_naukri,1
P0002,source1_naukri,11
P0003,source1_naukri,12
P0004,source1_naukri,19
P0005,source1_naukri,22
P0006,source1_naukri,23
P0007,source1_naukri,24
P0008,source1_naukri,33
P0009,source1_naukri,34
P0010,source1_naukri,25
P0010,source1_naukri,35
P0011,source1_naukri,39
P0012,source1_naukri,4
P0013,source1_naukri,40
P0014,source1_naukri,8
P0015,source1_naukri,9
P0016,source1_naukri,17
P0016,source2_gig,0
P0016,source3_cbnexus,10
P0017,source1_naukri,36
P0017,source2_gig,1
P0017,source3_cbnexus,11
P0018,source1_naukri,27
P0018,source2_gig,11
P0018,source3_cbnexus,21
P0019,source1_naukri,20
P0019,source2_gig,12
P0019,source3_cbnexus,22
P0020,source1_naukri,31
P0020,source2_gig,13
P0020,source3_cbnexus,23
P0021,source1_naukri,28
P0021,source2_gig,14
P0021,source3_cbnexus,24
P0022,source1_naukri,41
P0022,source2_gig,15
P0022,source3_cbnexus,25
P0023,source1_naukri,7
P0023,source2_gig,5
P0023,source2_gig,18
P0023,source3_cbnexus,16
P0024,source1_naukri,13
P0024,source2_gig,2
P0024,source3_cbnexus,12
P0025,source2_gig,22
P0026,source2_gig,23
P0027,source2_gig,24
P0028,source2_gig,25
P0029,source2_gig,26
P0030,source2_gig,27
P0031,source2_gig,28
P0032,source2_gig,29
P0033,source1_naukri,15
P0033,source2_gig,3
P0033,source3_cbnexus,13
P0034,source2_gig,30
P0035,source2_gig,31
P0036,source1_naukri,38
P0036,source2_gig,4
P0036,source3_cbnexus,15
P0037,source1_naukri,16
P0037,source2_gig,6
P0037,source3_cbnexus,17
P0038,source1_naukri,3
P0038,source2_gig,7
P0038,source3_cbnexus,18
P0039,source1_naukri,32
P0039,source2_gig,8
P0039,source3_cbnexus,19
P0040,source1_naukri,0
P0040,source2_gig,9
P0040,source3_cbnexus,20
P0041,source1_naukri,30
P0041,source3_cbnexus,0
P0042,source1_naukri,14
P0042,source3_cbnexus,1
P0043,source1_naukri,26
P0043,source3_cbnexus,2
P0044,source2_gig,16
P0044,source3_cbnexus,26
P0045,source2_gig,17
P0045,source3_cbnexus,27
P0046,source2_gig,19
P0046,source3_cbnexus,28
P0047,source2_gig,20
P0047,source3_cbnexus,29
P0048,source1_naukri,18
P0048,source3_cbnexus,3
P0049,source2_gig,21
P0049,source3_cbnexus,30
P0050,source1_naukri,37
P0050,source3_cbnexus,4
P0051,source1_naukri,10
P0051,source3_cbnexus,5
P0052,source1_naukri,21
P0052,source3_cbnexus,6
P0053,source1_naukri,5
P0053,source3_cbnexus,7
P0054,source1_naukri,6
P0054,source3_cbnexus,8
P0055,source1_naukri,2
P0055,source3_cbnexus,9
