person_id,name,email,phone,city,sources,num_source_records,match_confidence,experience_years,current_ctc,applied_date,status,hourly_rate,verified,projects_completed,skills
P0001,Manish Reddy,manish.reddy73@example.com,9000000237,Gurugram,source1_naukri,1,unmatched,3.5,332456.0,2026-08-08,,,,,"['docker', 'javascript', 'zapier']"
P0002,Rahul Jain,rahul.jain34@example.in,9000000114,Noida,source1_naukri,1,unmatched,2.8,1195422.0,2026-06-24,,,,,"['docker', 'python', 'selenium', 'zapier']"
P0003,Nikhil Malhotra,nikhil.malhotra41@example.in,9000000145,Delhi,source1_naukri,1,unmatched,4.2,510000.0,2026-08-21,,,,,"['fastapi', 'javascript', 'python', 'sql', 'web scraping']"
P0004,Kavya Mehta,kavya.mehta7@example.com,9000000177,Bengaluru,source1_naukri,1,unmatched,5.1,240000.0,2026-07-02,,,,,"['fastapi', 'mongodb', 'n8n', 'pandas', 'react']"
P0005,Pooja Gupta,pooja.gupta57@mailtest.example.org,9000000271,Noida,source1_naukri,1,unmatched,3.9,1190000.0,2026-06-24,,,,,"['docker', 'mysql', 'n8n', 'selenium', 'sql']"
P0006,R. Verma,rohit.verma13@mailtest.example.org,9000000294,Bengaluru,source1_naukri,1,unmatched,2.4,610000.0,2026-08-13,,,,,"['mongodb', 'python', 'react']"
P0007,Sneha Mishra,sneha.mishra14@mailtest.example.org,9000000229,Pune,source1_naukri,1,unmatched,1.4,410629.0,2026-06-15,,,,,"['docker', 'mysql', 'pandas', 'selenium']"
P0008,Deepak Singh,deepak.singh36@mailtest.example.org,9000000202,Bengaluru,source1_naukri,1,unmatched,1.7,1135514.0,2026-08-11,,,,,"['docker', 'fastapi', 'react', 'web scraping']"
P0009,Amit Reddy,amit.reddy9@mailtest.example.org,9000000165,Delhi,source1_naukri,1,unmatched,2.7,1140000.0,2026-07-21,,,,,"['langchain', 'mysql', 'react']"
P0010,Nikhil Chopra,alt.nikhil.chopra70@example.com,9000000103,Noida,source1_naukri,2,high,0.8,780000.0,2026-07-03,,,,,"['n8n', 'pandas', 'sql']"
P0011,Arjun Bhatia,arjun.bhatia14@example.com,9000000212,Delhi,source1_naukri,1,unmatched,1.5,621881.0,2026-06-02,,,,,"['fastapi', 'pandas', 'rest apis', 'sql', 'web scraping', 'zapier']"
P0012,Amit Agarwal,amit.agarwal3@mailtest.example.org,9000000288,Pune,source1_naukri,1,unmatched,1.8,420000.0,2026-07-19,,,,,"['docker', 'javascript', 'python', 'sql']"
P0013,Isha Sharma,isha.sharma15@example.com,9000000259,Delhi,source1_naukri,1,unmatched,3.5,1030000.0,2026-07-12,,,,,"['javascript', 'mongodb', 'n8n', 'python', 'rest apis', 'selenium']"
P0014,Priya Nair,priya.nair70@example.com,9000000222,Gurugram,source1_naukri,1,unmatched,5.6,366311.0,2026-07-28,,,,,"['n8n', 'python', 'react', 'rest apis', 'web scraping', 'zapier']"
P0015,Rohit Mishra,rohit.mishra70@mailtest.example.org,9000000167,Delhi,source1_naukri,1,unmatched,4.4,871686.0,2026-07-13,,,,,"['docker', 'fastapi', 'mysql', 'pandas', 'sql', 'zapier']"
P0016,Varun Jain,varun.jain29@example.com,9000000263,Pune,"source1_naukri,source2_gig,source3_cbnexus",3,high,3.1,760000.0,2026-08-19,active,1415.0,True,14.0,"['fastapi', 'mongodb', 'mysql', 'n8n', 'pandas', 'web scraping']"
P0017,Tanvi Agarwal,tanvi.agarwal97@example.in,9000000148,Pune,"source1_naukri,source2_gig,source3_cbnexus",3,high,5.0,626740.0,2026-07-27,active,1231.0,False,3.0,"['fastapi', 'mongodb', 'rest apis', 'web scraping']"
P0018,Varun Saxena,varun.saxena21@example.in,9000000170,Gurugram,"source1_naukri,source2_gig,source3_cbnexus",3,high,3.7,775796.0,2026-07-05,inactive,917.0,True,1.0,"['langchain', 'mongodb', 'mysql', 'rest apis', 'sql', 'zapier']"
P0019,Sneha Chopra,sneha.chopra99@example.in,9000000162,Pune,"source1_naukri,source2_gig,source3_cbnexus",3,high,4.9,1000000.0,2026-07-03,active,175.0,False,14.0,"['javascript', 'mysql', 'pandas', 'react', 'sql']"
P0020,Deepak Nair,deepak.nair44@example.com,9000000296,Bengaluru,"source1_naukri,source2_gig,source3_cbnexus",3,high,5.0,1160787.0,2026-07-15,paused,465.0,True,2.0,"['mongodb', 'n8n', 'pandas', 'react']"
P0021,Gaurav Mehta,gaurav.mehta79@mailtest.example.org,9000000133,Bengaluru,"source1_naukri,source2_gig,source3_cbnexus",3,high,3.1,792474.0,2026-07-19,active,350.0,False,1.0,"['fastapi', 'rest apis', 'selenium', 'sql']"
P0022,Neha Bhatia,neha.bhatia60@mailtest.example.org,9000000273,Pune,"source1_naukri,source2_gig,source3_cbnexus",3,high,4.2,694306.0,2026-07-22,active,493.75,False,10.0,"['fastapi', 'javascript', 'selenium', 'zapier']"
P0023,Isha Chopra,isha.chopra95@mailtest.example.org,9000000138,Pune,"source1_naukri,source2_gig,source3_cbnexus",4,high,5.4,472935.0,2026-08-02,active,1406.0,False,7.0,"['javascript', 'mysql', 'react']"
P0024,Karan Bhatia,karan.bhatia32@mailtest.example.org,9000000211,Noida,"source1_naukri,source2_gig,source3_cbnexus",3,high,4.7,826748.0,2026-07-08,active,403.0,True,2.0,"['javascript', 'mongodb', 'selenium', 'sql', 'web scraping', 'zapier']"
P0025,Pooja Kapoor,pooja.kapoor62@example.in,,Noida,source2_gig,1,unmatched,,,,active,131.25,,,"['react', 'rest apis', 'sql']"
P0026,Kavya Verma,kavya.verma74@mailtest.example.org,,Gurugram,source2_gig,1,unmatched,,,,active,1483.0,,,"['pandas', 'react', 'sql', 'web scraping']"
P0027,Tanvi Reddy,tanvi.reddy80@example.com,,Pune,source2_gig,1,unmatched,,,,paused,368.75,,,"['docker', 'langchain', 'python', 'rest apis', 'sql']"
P0028,Varun Singh,varun.singh81@example.com,,Noida,source2_gig,1,unmatched,,,,active,763.0,,,"['fastapi', 'mongodb', 'python', 'react']"
P0029,Tanvi Kapoor,tanvi.kapoor38@example.com,,Delhi,source2_gig,1,unmatched,,,,active,237.5,,,"['docker', 'mysql', 'selenium', 'web scraping']"
P0030,Nikhil Nair,nikhil.nair26@example.in,,Gurugram,source2_gig,1,unmatched,,,,active,1018.0,,,"['n8n', 'python', 'web scraping']"
P0031,Pooja Reddy,pooja.reddy96@mailtest.example.org,,Noida,source2_gig,1,unmatched,,,,inactive,590.0,,,"['docker', 'fastapi', 'pandas', 'sql', 'web scraping']"
P0032,Tanvi Sharma,tanvi.sharma56@mailtest.example.org,,Noida,source2_gig,1,unmatched,,,,active,456.25,,,"['fastapi', 'langchain', 'n8n', 'python', 'web scraping']"
P0033,Arjun Mishra,arjun.mishra70@example.com,9000000106,Delhi,"source1_naukri,source2_gig,source3_cbnexus",3,high,1.3,580000.0,2026-08-22,active,440.0,False,10.0,"['docker', 'javascript', 'react']"
P0034,Deepak Nair,deepak.nair57@example.in,,Delhi,source2_gig,1,unmatched,,,,active,1462.0,,,"['docker', 'javascript', 'mysql', 'react', 'sql', 'web scraping']"
P0035,Anjali Agarwal,anjali.agarwal53@mailtest.example.org,,Bengaluru,source2_gig,1,unmatched,,,,inactive,443.75,,,"['docker', 'javascript', 'react', 'rest apis', 'selenium', 'sql']"
P0036,Isha Kapoor,isha.kapoor54@example.com,9000000295,Delhi,"source1_naukri,source2_gig,source3_cbnexus",3,high,5.1,590000.0,2026-08-21,active,93.75,True,6.0,"['fastapi', 'javascript', 'mysql', 'python', 'react', 'selenium']"
P0037,Meera Bhatia,meera.bhatia52@mailtest.example.org,9000000223,Delhi,"source1_naukri,source2_gig,source3_cbnexus",3,high,5.1,1120000.0,2026-07-03,active,330.0,False,4.0,"['docker', 'langchain', 'mysql', 'python', 'react', 'sql']"
P0038,Vikram Saxena,vikram.saxena60@example.com,9000000113,Gurugram,"source1_naukri,source2_gig,source3_cbnexus",3,high,1.9,654699.0,2026-07-07,active,843.0,False,15.0,"['docker', 'fastapi', 'react', 'selenium', 'sql', 'web scraping']"
P0039,Rahul Chopra,rahul.chopra70@example.com,9000000137,Noida,"source1_naukri,source2_gig,source3_cbnexus",3,high,1.7,270000.0,2026-07-27,inactive,450.0,False,10.0,"['docker', 'python', 'zapier']"
P0040,Tanvi Gupta,tanvi.gupta31@example.com,9000000254,Bengaluru,"source1_naukri,source2_gig,source3_cbnexus",3,high,4.2,417964.0,2026-07-24,paused,1331.0,False,14.0,"['langchain', 'mongodb', 'n8n', 'rest apis', 'sql']"
P0041,Rohit Nair,rohit.nair32@mailtest.example.org,9000000268,Gurugram,"source1_naukri,source3_cbnexus",2,high,2.4,760000.0,2026-08-19,,,True,13.0,"['docker', 'n8n', 'rest apis', 'web scraping']"
P0042,Ritu Sharma,ritu.sharma23@mailtest.example.org,9000000146,Noida,"source1_naukri,source3_cbnexus",2,high,4.8,610000.0,2026-08-03,,,True,15.0,"['mongodb', 'n8n', 'react', 'sql', 'web scraping']"
P0043,Priya Saxena,priya.saxena61@example.com,9000000231,Delhi,"source1_naukri,source3_cbnexus",2,high,5.0,660000.0,2026-08-16,,,False,12.0,"['mysql', 'python', 'react', 'zapier']"
P0044,Arjun Mehta,arjun.mehta77@mailtest.example.org,9000000272,Noida,"source2_gig,source3_cbnexus",2,low,,,,inactive,262.5,True,14.0,"['docker', 'fastapi', 'mysql', 'pandas', 'web scraping', 'zapier']"
P0045,Manish Bhatia,manish.bhatia3@example.com,9000000161,Noida,"source2_gig,source3_cbnexus",2,low,,,,active,456.25,True,5.0,"['docker', 'javascript', 'pandas', 'react', 'rest apis', 'web scraping']"
P0046,Divya Chopra,divya.chopra59@example.in,9000000111,Noida,"source2_gig,source3_cbnexus",2,low,,,,inactive,343.75,False,5.0,"['docker', 'fastapi', 'mongodb', 'zapier']"
P0047,Karan Chopra,karan.chopra76@mailtest.example.org,9000000245,Pune,"source2_gig,source3_cbnexus",2,low,,,,active,437.0,False,10.0,"['mongodb', 'n8n', 'pandas', 'python', 'selenium']"
P0048,Arjun Mehta,arjun.mehta9@example.in,9000000131,Noida,"source1_naukri,source3_cbnexus",2,high,4.0,1181149.0,2026-07-21,,,False,9.0,"['n8n', 'selenium', 'sql']"
P0049,Vikram Mehta,vikram.mehta6@example.com,9000000261,Pune,"source2_gig,source3_cbnexus",2,low,,,,active,137.5,True,2.0,"['langchain', 'python', 'rest apis']"
P0050,Nikhil Mehta,nikhil.mehta5@example.com,9000000104,Pune,"source1_naukri,source3_cbnexus",2,high,2.9,930000.0,2026-07-26,,,True,10.0,"['docker', 'langchain', 'python', 'react', 'selenium', 'zapier']"
P0051,Rahul Malhotra,rahul.malhotra69@mailtest.example.org,9000000260,Delhi,"source1_naukri,source3_cbnexus",2,high,2.5,864237.0,2026-07-03,,,False,4.0,"['mongodb', 'mysql', 'rest apis', 'selenium', 'sql']"
P0052,Deepak Mehta,deepak.mehta86@example.in,9000000116,Noida,"source1_naukri,source3_cbnexus",2,high,2.7,327287.0,2026-07-23,,,True,11.0,"['langchain', 'mongodb', 'mysql', 'n8n', 'rest apis', 'selenium']"
P0053,Sahil Malhotra,sahil.malhotra1@example.in,9000000143,Noida,"source1_naukri,source3_cbnexus",2,high,1.7,806661.0,2026-07-13,,,False,0.0,"['docker', 'fastapi', 'mysql', 'pandas', 'rest apis', 'zapier']"
P0054,Shreya Gupta,shreya.gupta85@example.com,9000000227,Noida,"source1_naukri,source3_cbnexus",2,high,3.3,830000.0,2026-07-19,,,True,13.0,"['docker', 'n8n', 'python', 'web scraping', 'zapier']"
P0055,Priya Singh,priya.singh61@mailtest.example.org,9000000287,Gurugram,"source1_naukri,source3_cbnexus",2,high,3.0,775670.0,2026-08-01,,,True,3.0,"['mysql', 'n8n', 'python', 'react', 'sql', 'zapier']"
